insert into restaurant (id, created_at, updated_at, address, food_type, phone, price, title)
values (1, '2023-05-08 13:45:38.965931', '2023-05-08 13:45:38.965931', '제주 서귀포시 천제연로 97', 'KOREA', '0507-1322-1838',
        50000,
        '중문갈치조림'),
       (2, '2023-05-08 13:51:34.848877', '2023-05-08 13:51:34.848877', '제주 서귀포시 일주서로 909 1층', 'KOREA', '0507-1391-4619',
        50000,
        '중문 돌담흑돼지'),
       (3, '2023-05-08 13:52:33.152595', '2023-05-08 13:52:33.152595', '제주 서귀포시 중문로 8 1층 101', 'JAPAN',
        '0507-1336-7253',
        50000, '야키토리 타키비'),
       (4, '2023-05-08 13:53:20.246477', '2023-05-08 13:53:20.246477', '제주 서귀포시 대포중앙로 122', 'JAPAN', '064-739-6001',
        30000,
        '원스시'),
       (5, '2023-05-08 13:54:21.130477', '2023-05-08 13:54:21.130477', '제주 서귀포시 천제연로208번길 3 김상증외과의원', 'CHINA',
        '064-738-0048', 10000, '론푸드차이나'),
       (6, '2023-05-08 14:00:38.073547', '2023-05-08 14:00:38.073547', '제주 서귀포시 중문관광로 330', 'CHINA', '064-739-4149',
        10000,
        '류차이'),
       (7, '2023-05-08 14:03:14.382268', '2023-05-08 14:03:14.382268', '제주 서귀포시 중문관광로72번길 100 1층', 'AMERICA',
        '064-803-0320',
        20000, '플로트 제주'),
       (8, '2023-05-08 14:03:37.067470', '2023-05-08 14:03:37.067470', '제주 서귀포시 이어도로343번길 117', 'AMERICA',
        '0507-1326-6042',
        10000, '동백정원'),
       (9, '2023-05-08 14:06:12.040796', '2023-05-08 14:06:12.040796', '제주 서귀포시 중문관광로 224 1층', 'ASIA', '064-738-0381',
        10000, '아셈푸드'),
       (10, '2023-05-08 14:06:35.278030', '2023-05-08 14:06:35.278030', '제주 서귀포시 중문관광로72번길 29-9 2층 쏭타이 제주', 'ASIA',
        '064-738-7831', 10000, '쏭타이 제주점');

insert into restaurant_menu (id, is_represent, price, title, restaurant_id)
values (1, false, 40000, '기가막힌 갈치조림 (2인)', 1),
       (2, true, 60000, '3종 ''갈치'' 정식세트 (2인기준)', 1),
       (3, false, 50000, '기가막힌 생물 갈치구이 (2인)', 1),
       (4, false, 27000, '돌담 제주돼지 근고기(300g)', 2),
       (5, true, 11000, '돌담 흑돼지 뼈삼겹(100g)', 2),
       (6, false, 9800, '돌담 숙성 뼈등심(100g)', 2),
       (7, false, 19000, '돌담 흑항정살', 2),
       (8, true, 9800, '돌담 숙성 숄더랙(100g)', 2),
       (9, false, 33000, '돌담 흑돼지 근고기(300g)', 2),
       (10, false, 19000, '돌담 흑가브리살(180g)', 2),
       (11, true, 21000, '야키토리 오마카세 7종', 3),
       (12, true, 35000, '회정식(1인)', 4),
       (13, true, 15000, '삼선 짬뽕', 5),
       (14, false, 15000, '꿔바로우', 5),
       (15, false, 10000, '해물짬뽕', 5),
       (16, false, 7000, '지슬짜장면', 5),
       (17, false, 19000, '제주등심댕귤탕수육(소)', 5),
       (18, false, 14000, '보말백짬뽕', 5),
       (19, false, 26000, '제주등심댕귤탕수육(대)', 5),
       (20, false, 9000, '해물짬뽕', 6),
       (21, false, 9000, '냉짬뽕', 6),
       (22, false, 12000, '마라짬뽕', 6),
       (23, false, 11000, '가지만두', 6),
       (24, false, 30000, '멘보샤', 6),
       (25, false, 25000, '항아리짬뽕', 6),
       (26, false, 18000, '칠리 토마토 스튜', 7),
       (27, false, 20000, '애플 브리 샌드위치', 7),
       (28, false, 24000, '바질 리가토니 파스타', 7),
       (29, false, 25000, '플레이트 브런치', 7),
       (30, false, 17000, '블루베리 팬케이크', 7),
       (31, false, 12000, '프렌치토스트', 8),
       (32, true, 16900, '파인애플 볶음밥', 9),
       (33, false, 13900, '스페셜소고기쌀국수', 9),
       (34, false, 16900, '푸팟퐁 커리', 9),
       (35, false, 10900, '나시고랭', 9),
       (36, false, 14900, '분짜 하노이', 9),
       (37, false, 14900, '분팃느엉', 9),
       (38, false, 10900, '소고기쌀국수', 9),
       (39, false, 13900, '팟 타이', 9),
       (40, false, 10900, '짜조', 9),
       (41, false, 15000, '꾸아이띠아오팍', 10),
       (42, false, 15000, '팍붕화이뎅', 10),
       (43, true, 17000, '팟카카오무쌉', 10),
       (44, false, 17000, '쏨탐', 10);

insert into restaurant_operation (id, created_at, updated_at, day_of_week, restaurant_id)
values (1, '2023-05-08 13:45:39.012016', '2023-05-08 13:45:39.012016', 'SUNDAY', 1),
       (2, '2023-05-08 13:45:39.016080', '2023-05-08 13:45:39.016080', 'FRIDAY', 1),
       (3, '2023-05-08 13:45:39.018199', '2023-05-08 13:45:39.018199', 'TUESDAY', 1),
       (4, '2023-05-08 13:45:39.019994', '2023-05-08 13:45:39.019994', 'MONDAY', 1),
       (5, '2023-05-08 13:45:39.021818', '2023-05-08 13:45:39.021818', 'THURSDAY', 1),
       (6, '2023-05-08 13:45:39.023665', '2023-05-08 13:45:39.023665', 'WEDNESDAY', 1),
       (7, '2023-05-08 13:45:39.025955', '2023-05-08 13:45:39.025955', 'SATURDAY', 1),
       (8, '2023-05-08 13:51:34.862687', '2023-05-08 13:51:34.862687', 'SATURDAY', 2),
       (9, '2023-05-08 13:51:34.865169', '2023-05-08 13:51:34.865169', 'MONDAY', 2),
       (10, '2023-05-08 13:51:34.867169', '2023-05-08 13:51:34.867169', 'WEDNESDAY', 2),
       (11, '2023-05-08 13:51:34.869411', '2023-05-08 13:51:34.869411', 'FRIDAY', 2),
       (12, '2023-05-08 13:51:34.871299', '2023-05-08 13:51:34.871299', 'THURSDAY', 2),
       (13, '2023-05-08 13:51:34.873079', '2023-05-08 13:51:34.873079', 'TUESDAY', 2),
       (14, '2023-05-08 13:51:34.875530', '2023-05-08 13:51:34.875530', 'SUNDAY', 2),
       (15, '2023-05-08 13:52:33.159931', '2023-05-08 13:52:33.159931', 'SATURDAY', 3),
       (16, '2023-05-08 13:52:33.162525', '2023-05-08 13:52:33.162525', 'TUESDAY', 3),
       (17, '2023-05-08 13:52:33.164779', '2023-05-08 13:52:33.164779', 'MONDAY', 3),
       (18, '2023-05-08 13:52:33.167067', '2023-05-08 13:52:33.167067', 'SUNDAY', 3),
       (19, '2023-05-08 13:52:33.169395', '2023-05-08 13:52:33.169395', 'THURSDAY', 3),
       (20, '2023-05-08 13:52:33.171688', '2023-05-08 13:52:33.171688', 'FRIDAY', 3),
       (21, '2023-05-08 13:53:20.251952', '2023-05-08 13:53:20.251952', 'FRIDAY', 4),
       (22, '2023-05-08 13:53:20.254938', '2023-05-08 13:53:20.254938', 'MONDAY', 4),
       (23, '2023-05-08 13:53:20.258533', '2023-05-08 13:53:20.258533', 'THURSDAY', 4),
       (24, '2023-05-08 13:53:20.263123', '2023-05-08 13:53:20.263123', 'SATURDAY', 4),
       (25, '2023-05-08 13:53:20.270685', '2023-05-08 13:53:20.270685', 'TUESDAY', 4),
       (26, '2023-05-08 13:53:20.274340', '2023-05-08 13:53:20.274340', 'WEDNESDAY', 4),
       (27, '2023-05-08 13:53:20.276871', '2023-05-08 13:53:20.276871', 'SUNDAY', 4),
       (28, '2023-05-08 13:54:21.143843', '2023-05-08 13:54:21.143843', 'SUNDAY', 5),
       (29, '2023-05-08 13:54:21.145967', '2023-05-08 13:54:21.145967', 'MONDAY', 5),
       (30, '2023-05-08 13:54:21.147647', '2023-05-08 13:54:21.147647', 'SATURDAY', 5),
       (31, '2023-05-08 13:54:21.149296', '2023-05-08 13:54:21.149296', 'WEDNESDAY', 5),
       (32, '2023-05-08 13:54:21.151017', '2023-05-08 13:54:21.151017', 'FRIDAY', 5),
       (33, '2023-05-08 13:54:21.152760', '2023-05-08 13:54:21.152760', 'TUESDAY', 5),
       (34, '2023-05-08 14:00:38.087285', '2023-05-08 14:00:38.087285', 'SATURDAY', 6),
       (35, '2023-05-08 14:00:38.089275', '2023-05-08 14:00:38.089275', 'THURSDAY', 6),
       (36, '2023-05-08 14:00:38.091095', '2023-05-08 14:00:38.091095', 'MONDAY', 6),
       (37, '2023-05-08 14:00:38.092897', '2023-05-08 14:00:38.092897', 'WEDNESDAY', 6),
       (38, '2023-05-08 14:00:38.094771', '2023-05-08 14:00:38.094771', 'FRIDAY', 6),
       (39, '2023-05-08 14:00:38.096738', '2023-05-08 14:00:38.096738', 'SUNDAY', 6),
       (40, '2023-05-08 14:03:14.391681', '2023-05-08 14:03:14.391681', 'SUNDAY', 7),
       (41, '2023-05-08 14:03:14.393348', '2023-05-08 14:03:14.393348', 'FRIDAY', 7),
       (42, '2023-05-08 14:03:14.395062', '2023-05-08 14:03:14.395062', 'SATURDAY', 7),
       (43, '2023-05-08 14:03:14.396635', '2023-05-08 14:03:14.396635', 'THURSDAY', 7),
       (44, '2023-05-08 14:03:14.398147', '2023-05-08 14:03:14.398147', 'TUESDAY', 7),
       (45, '2023-05-08 14:03:14.399678', '2023-05-08 14:03:14.399678', 'MONDAY', 7),
       (46, '2023-05-08 14:03:14.401351', '2023-05-08 14:03:14.401351', 'WEDNESDAY', 7),
       (47, '2023-05-08 14:03:37.071220', '2023-05-08 14:03:37.071220', 'FRIDAY', 8),
       (48, '2023-05-08 14:03:37.072920', '2023-05-08 14:03:37.072920', 'SUNDAY', 8),
       (49, '2023-05-08 14:03:37.074541', '2023-05-08 14:03:37.074541', 'TUESDAY', 8),
       (50, '2023-05-08 14:03:37.076345', '2023-05-08 14:03:37.076345', 'MONDAY', 8),
       (51, '2023-05-08 14:03:37.077973', '2023-05-08 14:03:37.077973', 'THURSDAY', 8),
       (52, '2023-05-08 14:03:37.079632', '2023-05-08 14:03:37.079632', 'SATURDAY', 8),
       (53, '2023-05-08 14:06:12.056526', '2023-05-08 14:06:12.056526', 'FRIDAY', 9),
       (54, '2023-05-08 14:06:12.058179', '2023-05-08 14:06:12.058179', 'SUNDAY', 9),
       (55, '2023-05-08 14:06:12.059924', '2023-05-08 14:06:12.059924', 'WEDNESDAY', 9),
       (56, '2023-05-08 14:06:12.061634', '2023-05-08 14:06:12.061634', 'MONDAY', 9),
       (57, '2023-05-08 14:06:12.063248', '2023-05-08 14:06:12.063248', 'TUESDAY', 9),
       (58, '2023-05-08 14:06:12.065139', '2023-05-08 14:06:12.065139', 'SATURDAY', 9),
       (59, '2023-05-08 14:06:12.067179', '2023-05-08 14:06:12.067179', 'THURSDAY', 9),
       (60, '2023-05-08 14:06:35.286106', '2023-05-08 14:06:35.286106', 'THURSDAY', 10),
       (61, '2023-05-08 14:06:35.287636', '2023-05-08 14:06:35.287636', 'FRIDAY', 10),
       (62, '2023-05-08 14:06:35.289151', '2023-05-08 14:06:35.289151', 'SUNDAY', 10),
       (63, '2023-05-08 14:06:35.290734', '2023-05-08 14:06:35.290734', 'TUESDAY', 10),
       (64, '2023-05-08 14:06:35.292207', '2023-05-08 14:06:35.292207', 'SATURDAY', 10),
       (65, '2023-05-08 14:06:35.293671', '2023-05-08 14:06:35.293671', 'MONDAY', 10),
       (66, '2023-05-08 14:06:35.295441', '2023-05-08 14:06:35.295441', 'WEDNESDAY', 10);
